Sr. No.,Sample,EDX on,Predicted_Composition,SCXRD,Conclusion
1,La3GaS6,Crystal,La3GaS6,mar_1845   La3Ga1.67S7,La3Ga1.67S7
2,Pr3GaS6,Crystal,Pr3GaS7,Nd3Ga1.67S8,Nd3Ga1.67S7
3,Nd3GaS6,Crystal,Nd3GaS8,mar_1846   Nd3Ga1.67S9,Pma2 with random ADP and refined with Pr3Ga4S7; Need better refinement
4,Gd3GaS6,Crystal,Gd2S3,,Gd2S3
5,In3GaSe6,Crystal,In2Se3,,In2Se3
6,Se2TeCd3,Crystal,CdSe0.5Te0.5,Cell_check,CdSe0.5Te0.5 Reported
7,Te2SeCd3,Crystal,"CdSe, CdTe",,"CdSe, CdTe"
8,Cd2ZnSe3,Crystal,mixed crystals,mar1894,Cd0.50Se1.43Zn2.38; refinement not reliable
9,Zn2MnSe3,Crystal,ZnSe2 and MnSe2,,ZnSe2 and MnSe2
10,Zn2NiS3,Crystal,Ni2S3,,Ni2S3
11,Zn2CoS3,,Unreacted,,Unreacted
12,Zn2FeS3,,Unreacted,,Unreacted
13,GeNd4S8,Powder,Nd3GeS6,,
14,SnPr4S8,Powder,Pr3SnS6,,
15,SnCe4S8,Powder,Ce3SnS6,,
16,SnLa4S8,Powder,La3SnS6,,
17,GeLa4S8,Powder,La3GeS6,,
18,Zn4CdSe5,Powder,"Zn2Se, ZnSe2",,"Zn2Se, ZnSe2"
19,S4Cd5Te,Crystal,mixed crystals,Cell check,CdTe0.8S0.2 Reported
20,Cd4Te5Zn,Crystal,CdTe,,CdTe
21,Zn4CdTe5,Crystal,"Cd3Zn1Te6, Cd2.5Zn1.5Te3",,
22,Zn4CuS5,,Unrecated,,Unrecated
23,SSeZn2,,Unrecated,,Unrecated
24,SeTeCd2,Crystal,CdTe,,CdTe
25,SSeCd2,Powder,Cd5S3Se2,,
26,CdZnTe2,Crystal,CdTe,,CdTe
27,STeCd2,Crystal,CdTe,,CdTe
